{
  "id": "0179a41e-dd35-4e89-8db0-9a808d4abab3",
  "timestamp": "2025-04-18T23:39:41.104Z",
  "data": {
    "location": "22204",
    "max_price": 4000,
    "bedrooms": "2",
    "amenities": [
      "parking",
      "gym",
      "pets"
    ],
    "proximity_landmark": "22204",
    "timestamp": "2025-04-18T23:39:40.948Z",
    "results": {
      "resultCount": 10,
      "timestamp": "2025-04-18T23:39:40.948Z",
      "formattedPrice": "$2000 - $4000",
      "topMatchesCount": 0
    },
    "queryType": "search"
  },
  "isAutoSave": true
}