{
  "id": "0445a10d-f968-4e15-a8cc-725bc29c77a4",
  "timestamp": "2025-04-18T20:56:27.346Z",
  "data": {
    "location": "22209",
    "max_price": 4000,
    "bedrooms": "2",
    "amenities": [
      "gym",
      "parking",
      "pets"
    ],
    "proximity_landmark": "22209",
    "interactionType": "hover",
    "listingId": "6595344640",
    "listingDetails": {
      "price": "$2800/mo",
      "bedrooms": 2,
      "location": "124 Kendrick Pl Unit 124-18, Gaithersburg"
    },
    "timestamp": "2025-04-18T20:56:27.286Z",
    "results": {},
    "queryType": "search"
  },
  "isAutoSave": true
}