{
  "id": "0533bf94-2cf0-4929-8adf-6b2c0e205f2d",
  "timestamp": "2025-04-17T21:41:40.769Z",
  "data": {
    "location": "22204",
    "max_price": 4000,
    "bedrooms": "2",
    "amenities": [
      "parking",
      "gym"
    ],
    "proximity_landmark": "22204",
    "timestamp": "2025-04-17T21:41:40.746Z",
    "results": {
      "resultCount": 0,
      "timestamp": "2025-04-17T21:41:40.746Z",
      "formattedPrice": "$2000 - $4000",
      "topMatchesCount": 0
    },
    "queryType": "search"
  },
  "isAutoSave": true
}