{
  "id": "05a8d9d4-e136-4720-8eb1-425a16994799",
  "timestamp": "2025-04-19T02:57:45.111Z",
  "data": {
    "location": "22209",
    "max_price": 2500,
    "bedrooms": "2",
    "amenities": [
      "parking",
      "ac",
      "gym"
    ],
    "proximity_landmark": "22209",
    "interactionType": "hover",
    "listingId": "5406346436",
    "listingDetails": {
      "price": "$1900/mo",
      "bedrooms": 0,
      "location": "1021 Arlington Blvd Apt 335, Arlington"
    },
    "timestamp": "2025-04-19T02:57:45.076Z",
    "results": {},
    "queryType": "search"
  },
  "isAutoSave": true
}