{
  "id": "067539d1-1fd4-4ec6-917f-b4af448b9c3c",
  "timestamp": "2025-04-18T20:20:02.880Z",
  "data": {
    "location": "22206",
    "max_price": 4000,
    "bedrooms": "2",
    "amenities": [
      "gym",
      "parking",
      "pets"
    ],
    "proximity_landmark": "22206",
    "interactionType": "hover",
    "listingId": "6284795862",
    "listingDetails": {
      "price": "$2000/mo",
      "bedrooms": 2,
      "location": "2906 Pomeroy Rd SE Apt 101, Washington"
    },
    "timestamp": "2025-04-18T20:20:02.827Z",
    "results": {},
    "queryType": "search"
  },
  "isAutoSave": true
}