{
  "id": "06c6b26d-0ce4-45a2-ad3e-79632fd555c0",
  "timestamp": "2025-04-18T23:54:41.302Z",
  "data": {
    "location": "22204",
    "max_price": 4000,
    "bedrooms": "2",
    "amenities": [
      "gym",
      "laundry",
      "pets"
    ],
    "proximity_landmark": "22204",
    "timestamp": "2025-04-18T23:54:40.413Z",
    "results": {
      "resultCount": 10,
      "timestamp": "2025-04-18T23:54:40.412Z",
      "formattedPrice": "$2000 - $4000",
      "topMatchesCount": 0
    },
    "queryType": "search"
  },
  "isAutoSave": true
}