{
  "id": "06f51d6a-8341-4c36-a11f-e5bf252eed9b",
  "timestamp": "2025-04-19T00:25:20.355Z",
  "data": {
    "location": "22204",
    "max_price": 4000,
    "bedrooms": "2",
    "amenities": [
      "gym",
      "parking",
      "pets"
    ],
    "proximity_landmark": "22204",
    "interactionType": "hover",
    "listingId": "5466094044",
    "listingDetails": {
      "price": "$2500/mo",
      "bedrooms": 2,
      "location": "2113 S Oakland St, Arlington"
    },
    "timestamp": "2025-04-19T00:25:20.329Z",
    "results": {},
    "queryType": "search"
  },
  "isAutoSave": true
}