{
  "id": "07fafc4b-92fc-4860-be77-632aba8167a1",
  "timestamp": "2025-04-17T21:45:07.169Z",
  "data": {
    "location": "22204",
    "max_price": 4000,
    "bedrooms": "2",
    "amenities": [
      "parking",
      "gym"
    ],
    "proximity_landmark": "22204",
    "timestamp": "2025-04-17T21:45:06.982Z",
    "results": {
      "resultCount": 0,
      "timestamp": "2025-04-17T21:45:06.982Z",
      "formattedPrice": "$2000 - $4000",
      "topMatchesCount": 0
    },
    "queryType": "search"
  },
  "isAutoSave": true
}