{
  "id": "0b6b8ae2-837d-4e8b-992c-f1c9ee0e8ed3",
  "timestamp": "2025-04-18T03:24:33.672Z",
  "data": {
    "location": "22204",
    "max_price": 4000,
    "bedrooms": "2",
    "amenities": [
      "parking",
      "gym"
    ],
    "proximity_landmark": "22204",
    "timestamp": "2025-04-18T03:24:33.657Z",
    "results": {
      "resultCount": 10,
      "timestamp": "2025-04-18T03:24:33.657Z",
      "formattedPrice": "$2000 - $4000",
      "topMatchesCount": 6
    },
    "queryType": "search"
  },
  "isAutoSave": true
}