{
  "id": "0ca58395-2b00-43c1-aab1-90255ccefadb",
  "timestamp": "2025-04-19T00:28:55.793Z",
  "data": {
    "location": "22204",
    "price": "2000-4000",
    "bedrooms": "2",
    "amenities": [
      "gym",
      "parking",
      "pets"
    ],
    "timestamp": "2025-04-19T00:28:55.208Z",
    "results": {
      "resultCount": 1,
      "timestamp": "2025-04-19T00:28:55.208Z",
      "formattedPrice": "$2000 - $4000",
      "topMatchesCount": 0
    },
    "queryType": "search"
  },
  "isAutoSave": true
}