{
  "id": "0e2e6e3d-5a3f-4095-be85-26997c88d0a6",
  "timestamp": "2025-04-18T20:20:26.871Z",
  "data": {
    "location": "22206",
    "max_price": 4000,
    "bedrooms": "2",
    "amenities": [
      "gym",
      "parking",
      "pets"
    ],
    "proximity_landmark": "22206",
    "timestamp": "2025-04-18T20:20:26.732Z",
    "results": {
      "resultCount": 3,
      "timestamp": "2025-04-18T20:20:26.732Z",
      "formattedPrice": "$2000 - $4000",
      "topMatchesCount": 2
    },
    "queryType": "search"
  },
  "isAutoSave": true
}