{
  "id": "0f25b214-62eb-4268-afa0-6791cab5451e",
  "timestamp": "2025-04-18T21:23:07.170Z",
  "data": {
    "location": "22209",
    "max_price": 4000,
    "bedrooms": "2",
    "amenities": [
      "gym",
      "parking",
      "pets"
    ],
    "proximity_landmark": "22209",
    "interactionType": "hover",
    "listingId": "6391406174",
    "listingDetails": {
      "price": "$3000/mo",
      "bedrooms": 2,
      "location": "5225 10th Pl S, Arlington"
    },
    "timestamp": "2025-04-18T21:23:07.157Z",
    "results": {},
    "queryType": "search"
  },
  "isAutoSave": true
}