{
  "id": "0f69a300-ebf6-4086-8605-f6b44bb59354",
  "timestamp": "2025-04-19T00:29:48.914Z",
  "data": {
    "location": "22204",
    "max_price": 4000,
    "bedrooms": "2",
    "amenities": [
      "gym",
      "parking",
      "pets"
    ],
    "proximity_landmark": "22204",
    "timestamp": "2025-04-19T00:29:48.445Z",
    "results": {
      "resultCount": 10,
      "timestamp": "2025-04-19T00:29:48.444Z",
      "formattedPrice": "$2000 - $4000",
      "topMatchesCount": 0
    },
    "queryType": "search"
  },
  "isAutoSave": true
}