{
  "id": "12c5f725-d294-4177-8a6a-613fa31618e3",
  "timestamp": "2025-04-17T21:48:47.274Z",
  "data": {
    "location": "22204",
    "max_price": 4000,
    "bedrooms": "2",
    "amenities": [
      "parking",
      "gym"
    ],
    "proximity_landmark": "22204",
    "interactionType": "hover",
    "listingId": "6391406174",
    "listingDetails": {
      "price": "$3000/mo",
      "bedrooms": 2,
      "location": "5225 10th Pl S, Arlington"
    },
    "timestamp": "2025-04-17T21:48:46.705Z",
    "results": {},
    "queryType": "search"
  },
  "isAutoSave": true
}