{
  "id": "1433ba71-8534-4c8f-9aa6-21203e27f1b2",
  "timestamp": "2025-04-19T03:00:22.391Z",
  "data": {
    "location": "22209",
    "max_price": 2500,
    "bedrooms": "2",
    "amenities": [
      "parking",
      "ac",
      "gym"
    ],
    "proximity_landmark": "22209",
    "timestamp": "2025-04-19T03:00:22.366Z",
    "results": {
      "resultCount": 10,
      "timestamp": "2025-04-19T03:00:22.366Z",
      "formattedPrice": "$1000 - $2500",
      "topMatchesCount": 0
    },
    "queryType": "search"
  },
  "isAutoSave": true
}