{
  "id": "14530d9e-82a0-4ab1-9aee-1d55ea899b5e",
  "timestamp": "2025-04-19T16:48:51.326Z",
  "data": {
    "location": "22209",
    "max_price": 2500,
    "bedrooms": "2",
    "amenities": [
      "parking",
      "ac",
      "gym"
    ],
    "proximity_landmark": "22209",
    "timestamp": "2025-04-19T16:48:51.305Z",
    "results": {
      "resultCount": 10,
      "timestamp": "2025-04-19T16:48:51.305Z",
      "formattedPrice": "$1000 - $2500",
      "topMatchesCount": 0
    },
    "queryType": "search"
  },
  "isAutoSave": true
}