{
  "id": "172bdfeb-51aa-4a26-be5b-ddf945d412fe",
  "timestamp": "2025-04-18T22:17:07.788Z",
  "data": {
    "location": "22204",
    "max_price": 4000,
    "bedrooms": "2",
    "amenities": [
      "gym",
      "parking",
      "ac"
    ],
    "proximity_landmark": "22204",
    "interactionType": "hover",
    "listingId": "6391406174",
    "listingDetails": {
      "price": "$3000/mo",
      "bedrooms": 2,
      "location": "5225 10th Pl S, Arlington"
    },
    "timestamp": "2025-04-18T22:17:07.695Z",
    "results": {},
    "queryType": "search"
  },
  "isAutoSave": true
}