{
  "id": "185df5ab-bb93-43fb-9d47-6d5fb120b0cb",
  "timestamp": "2025-04-19T00:03:29.541Z",
  "data": {
    "location": "22204",
    "max_price": 4000,
    "bedrooms": "2",
    "amenities": [
      "parking",
      "gym",
      "pets"
    ],
    "proximity_landmark": "22204",
    "interactionType": "hover",
    "listingId": "6391406174",
    "listingDetails": {
      "price": "$3000/mo",
      "bedrooms": 2,
      "location": "5225 10th Pl S, Arlington"
    },
    "timestamp": "2025-04-19T00:03:29.504Z",
    "results": {},
    "queryType": "search"
  },
  "isAutoSave": true
}