{
  "id": "18eb676a-3f7d-4030-86a6-46375ef30e51",
  "timestamp": "2025-04-18T22:17:01.779Z",
  "data": {
    "location": "22204",
    "max_price": 4000,
    "bedrooms": "2",
    "amenities": [
      "gym",
      "parking",
      "ac"
    ],
    "proximity_landmark": "22204",
    "timestamp": "2025-04-18T22:17:01.737Z",
    "results": {
      "resultCount": 10,
      "timestamp": "2025-04-18T22:17:01.737Z",
      "formattedPrice": "$2000 - $4000",
      "topMatchesCount": 0
    },
    "queryType": "search"
  },
  "isAutoSave": true
}