{
  "id": "19275ab2-5097-457d-b05a-a576cc6e6a54",
  "timestamp": "2025-04-18T22:38:40.459Z",
  "data": {
    "location": "22204",
    "max_price": 4000,
    "bedrooms": "2",
    "amenities": [
      "parking",
      "gym",
      "ac"
    ],
    "proximity_landmark": "22204",
    "interactionType": "hover",
    "listingId": "6154572030",
    "listingDetails": {
      "price": "$1680/mo",
      "bedrooms": 1,
      "location": "5111 8th Rd S Apt 2, Arlington"
    },
    "timestamp": "2025-04-18T22:38:40.396Z",
    "results": {},
    "queryType": "search"
  },
  "isAutoSave": true
}