{
  "id": "19b7538b-f892-43fa-979d-9ab193cd07c2",
  "timestamp": "2025-04-18T21:23:18.989Z",
  "data": {
    "location": "22209",
    "max_price": 4000,
    "bedrooms": "2",
    "amenities": [
      "gym",
      "parking",
      "pets"
    ],
    "proximity_landmark": "22209",
    "interactionType": "hover",
    "listingId": "6730648350",
    "listingDetails": {
      "price": "$2600/mo",
      "bedrooms": 2,
      "location": "2301 25th St S Unit 4-404, Arlington"
    },
    "timestamp": "2025-04-18T21:23:18.927Z",
    "results": {},
    "queryType": "search"
  },
  "isAutoSave": true
}