{
  "id": "1b9a4054-7490-460d-9673-09648fab504b",
  "timestamp": "2025-04-19T00:13:32.458Z",
  "data": {
    "location": "22204",
    "max_price": 4000,
    "bedrooms": "2",
    "amenities": [
      "parking",
      "gym",
      "pets"
    ],
    "proximity_landmark": "22204",
    "timestamp": "2025-04-19T00:13:32.401Z",
    "results": {
      "resultCount": 10,
      "timestamp": "2025-04-19T00:13:32.401Z",
      "formattedPrice": "$2000 - $4000",
      "topMatchesCount": 0
    },
    "queryType": "search"
  },
  "isAutoSave": true
}