{
  "id": "1e22f5c7-5e87-4f42-a85c-fba6b44c985a",
  "timestamp": "2025-04-18T23:54:44.311Z",
  "data": {
    "location": "22204",
    "max_price": 4000,
    "bedrooms": "2",
    "amenities": [
      "gym",
      "laundry",
      "pets"
    ],
    "proximity_landmark": "22204",
    "interactionType": "hover",
    "listingId": "5466094044",
    "listingDetails": {
      "price": "$2500/mo",
      "bedrooms": 2,
      "location": "2113 S Oakland St, Arlington"
    },
    "timestamp": "2025-04-18T23:54:44.208Z",
    "results": {},
    "queryType": "search"
  },
  "isAutoSave": true
}