{
  "id": "2476914d-76fe-429c-b035-80a93a60f450",
  "timestamp": "2025-04-18T20:21:08.850Z",
  "data": {
    "location": "22209",
    "max_price": 4000,
    "bedrooms": "1",
    "amenities": [
      "gym"
    ],
    "proximity_landmark": "22209",
    "interactionType": "hover",
    "listingId": "6339467752",
    "listingDetails": {
      "price": "$1490/mo",
      "bedrooms": 1,
      "location": "4635 20th Rd N Unit A, Arlington"
    },
    "timestamp": "2025-04-18T20:21:08.804Z",
    "results": {},
    "queryType": "search"
  },
  "isAutoSave": true
}