{
  "id": "27788b54-9da2-4fd9-a148-254d043c2a0a",
  "timestamp": "2025-04-18T22:31:18.992Z",
  "data": {
    "location": "22209",
    "max_price": 4000,
    "bedrooms": "2",
    "amenities": [
      "parking",
      "gym",
      "laundry"
    ],
    "proximity_landmark": "22209",
    "interactionType": "hover",
    "listingId": "6967823696",
    "listingDetails": {
      "price": "$2200/mo",
      "bedrooms": 2,
      "location": "2104 N Scott St Apt 29, Arlington"
    },
    "timestamp": "2025-04-18T22:31:18.951Z",
    "results": {},
    "queryType": "search"
  },
  "isAutoSave": true
}