{
  "id": "27b6f719-fa41-4529-9ae5-464888485438",
  "timestamp": "2025-04-19T00:03:33.486Z",
  "data": {
    "location": "22204",
    "max_price": 4000,
    "bedrooms": "2",
    "amenities": [
      "parking",
      "gym",
      "pets"
    ],
    "proximity_landmark": "22204",
    "interactionType": "hover",
    "listingId": "6231764623",
    "listingDetails": {
      "price": "$2150/mo",
      "bedrooms": 2,
      "location": "800 S Arlington Mill Dr Apt 204, Arlington"
    },
    "timestamp": "2025-04-19T00:03:33.401Z",
    "results": {},
    "queryType": "search"
  },
  "isAutoSave": true
}