{
  "id": "2ab15b33-609b-4e1b-97d6-e9c95bd81284",
  "timestamp": "2025-04-18T23:54:43.420Z",
  "data": {
    "location": "22204",
    "max_price": 4000,
    "bedrooms": "2",
    "amenities": [
      "gym",
      "laundry",
      "pets"
    ],
    "proximity_landmark": "22204",
    "interactionType": "hover",
    "listingId": "6154572030",
    "listingDetails": {
      "price": "$1680/mo",
      "bedrooms": 1,
      "location": "5111 8th Rd S Apt 2, Arlington"
    },
    "timestamp": "2025-04-18T23:54:43.290Z",
    "results": {},
    "queryType": "search"
  },
  "isAutoSave": true
}