{
  "id": "2cd2a0db-a4e6-4f78-9077-914bc2387d98",
  "timestamp": "2025-04-18T03:24:45.183Z",
  "data": {
    "location": "22204",
    "max_price": 4000,
    "bedrooms": "2",
    "amenities": [
      "parking",
      "gym"
    ],
    "proximity_landmark": "22204",
    "interactionType": "hover",
    "listingId": "6595344640",
    "listingDetails": {
      "price": "$2800/mo",
      "bedrooms": 2,
      "location": "124 Kendrick Pl Unit 124-18, Gaithersburg"
    },
    "timestamp": "2025-04-18T03:24:45.118Z",
    "results": {},
    "queryType": "search"
  },
  "isAutoSave": true
}