{
  "id": "2cf65d1b-c67a-4f40-90b0-061350583682",
  "timestamp": "2025-04-19T00:28:58.127Z",
  "data": {
    "location": "22204",
    "price": "2000-4000",
    "bedrooms": "2",
    "amenities": [
      "gym",
      "parking",
      "pets"
    ],
    "interactionType": "hover",
    "listingId": "6929813321",
    "listingDetails": {
      "price": "$4000/mo",
      "bedrooms": 2,
      "location": "1451 Belmont St NW Apt 113, Washington"
    },
    "timestamp": "2025-04-19T00:28:57.615Z",
    "results": {},
    "queryType": "search"
  },
  "isAutoSave": true
}