{
  "id": "2e1c72f5-5712-45df-81c3-7044bbc2ffdf",
  "timestamp": "2025-04-18T20:20:26.302Z",
  "data": {
    "location": "22206",
    "max_price": 4000,
    "bedrooms": "2",
    "amenities": [
      "gym",
      "parking",
      "pets"
    ],
    "proximity_landmark": "22206",
    "timestamp": "2025-04-18T20:20:26.254Z",
    "results": {
      "resultCount": 3,
      "timestamp": "2025-04-18T20:20:26.254Z",
      "formattedPrice": "$2000 - $4000",
      "topMatchesCount": 2
    },
    "queryType": "search"
  },
  "isAutoSave": true
}