{
  "id": "310ded5c-a4e7-41b3-a1a0-42c3320d8d24",
  "timestamp": "2025-04-18T03:24:32.672Z",
  "data": {
    "location": "22204",
    "max_price": 4000,
    "bedrooms": "2",
    "amenities": [
      "parking",
      "gym"
    ],
    "proximity_landmark": "22204",
    "timestamp": "2025-04-18T03:24:32.595Z",
    "results": {
      "resultCount": 10,
      "timestamp": "2025-04-18T03:24:32.594Z",
      "formattedPrice": "$2000 - $4000",
      "topMatchesCount": 6
    },
    "queryType": "search"
  },
  "isAutoSave": true
}