{
  "id": "31a056f2-5fa9-40c7-af2e-99fdd26ebc31",
  "timestamp": "2025-04-18T23:39:48.465Z",
  "data": {
    "location": "22204",
    "max_price": 4000,
    "bedrooms": "2",
    "amenities": [
      "parking",
      "gym",
      "pets"
    ],
    "proximity_landmark": "22204",
    "interactionType": "hover",
    "listingId": "5165322518",
    "listingDetails": {
      "price": "$1800/mo",
      "bedrooms": 2,
      "location": "5565 Columbia Pike Apt 805, Arlington"
    },
    "timestamp": "2025-04-18T23:39:48.335Z",
    "results": {},
    "queryType": "search"
  },
  "isAutoSave": true
}