{
  "id": "31d8bc96-9111-4908-adaf-a10380539012",
  "timestamp": "2025-04-18T23:17:43.584Z",
  "data": {
    "location": "22204",
    "max_price": 4000,
    "bedrooms": "2",
    "amenities": [
      "parking",
      "gym",
      "ac"
    ],
    "proximity_landmark": "22204",
    "interactionType": "hover",
    "listingId": "6154572030",
    "listingDetails": {
      "price": "$1680/mo",
      "bedrooms": 1,
      "location": "5111 8th Rd S Apt 2, Arlington"
    },
    "timestamp": "2025-04-18T23:17:43.563Z",
    "results": {},
    "queryType": "search"
  },
  "isAutoSave": true
}