{
  "id": "33fa0413-4be0-416d-8340-51a67c820b39",
  "timestamp": "2025-04-19T00:03:41.807Z",
  "data": {
    "location": "22204",
    "max_price": 4000,
    "bedrooms": "2",
    "amenities": [
      "parking",
      "gym",
      "pets"
    ],
    "proximity_landmark": "22204",
    "interactionType": "hover",
    "listingId": "6154572030",
    "listingDetails": {
      "price": "$1680/mo",
      "bedrooms": 1,
      "location": "5111 8th Rd S Apt 2, Arlington"
    },
    "timestamp": "2025-04-19T00:03:41.765Z",
    "results": {},
    "queryType": "search"
  },
  "isAutoSave": true
}