{
  "id": "3778ba25-66cd-4eaa-9004-4bea21443c00",
  "timestamp": "2025-04-18T23:17:40.325Z",
  "data": {
    "location": "22204",
    "max_price": 4000,
    "bedrooms": "2",
    "amenities": [
      "parking",
      "gym",
      "ac"
    ],
    "proximity_landmark": "22204",
    "timestamp": "2025-04-18T23:17:40.273Z",
    "results": {
      "resultCount": 10,
      "timestamp": "2025-04-18T23:17:40.273Z",
      "formattedPrice": "$2000 - $4000",
      "topMatchesCount": 0
    },
    "queryType": "search"
  },
  "isAutoSave": true
}