{
  "id": "398d0983-0358-446a-9a0e-d78fb34c5008",
  "timestamp": "2025-04-18T20:20:00.718Z",
  "data": {
    "location": "22206",
    "max_price": 4000,
    "bedrooms": "2",
    "amenities": [
      "gym",
      "parking",
      "pets"
    ],
    "proximity_landmark": "22206",
    "timestamp": "2025-04-18T20:20:00.707Z",
    "results": {
      "resultCount": 3,
      "timestamp": "2025-04-18T20:20:00.707Z",
      "formattedPrice": "$2000 - $4000",
      "topMatchesCount": 2
    },
    "queryType": "search"
  },
  "isAutoSave": true
}