{
  "id": "3a0909af-2cf7-412c-83e9-b8f4399af976",
  "timestamp": "2025-04-18T23:30:54.958Z",
  "data": {
    "location": "22209",
    "max_price": 3500,
    "bedrooms": "2",
    "amenities": [
      "gym",
      "parking",
      "pets"
    ],
    "proximity_landmark": "22209",
    "interactionType": "hover",
    "listingId": "6967823696",
    "listingDetails": {
      "price": "$2200/mo",
      "bedrooms": 2,
      "location": "2104 N Scott St Apt 29, Arlington"
    },
    "timestamp": "2025-04-18T23:30:54.915Z",
    "results": {},
    "queryType": "search"
  },
  "isAutoSave": true
}