{
  "id": "3ac07b59-0f20-45ac-9659-98ee0b1ad655",
  "timestamp": "2025-04-18T22:13:14.650Z",
  "data": {
    "location": "22209",
    "max_price": 4000,
    "bedrooms": "2",
    "amenities": [
      "parking",
      "gym",
      "pets"
    ],
    "proximity_landmark": "22209",
    "interactionType": "hover",
    "listingId": "9019435579",
    "listingDetails": {
      "price": "$2275/mo",
      "bedrooms": 2,
      "location": "1423 N Nash St Apt 1, Arlington"
    },
    "timestamp": "2025-04-18T22:13:14.598Z",
    "results": {},
    "queryType": "search"
  },
  "isAutoSave": true
}