{
  "id": "3f45a436-f4ce-43fb-aeed-338137897b1b",
  "timestamp": "2025-04-18T23:39:45.248Z",
  "data": {
    "location": "22204",
    "max_price": 4000,
    "bedrooms": "2",
    "amenities": [
      "parking",
      "gym",
      "pets"
    ],
    "proximity_landmark": "22204",
    "interactionType": "hover",
    "listingId": "9182101079",
    "listingDetails": {
      "price": "$2200/mo",
      "bedrooms": 2,
      "location": "2416 Arlington Blvd Unit B, Arlington"
    },
    "timestamp": "2025-04-18T23:39:45.210Z",
    "results": {},
    "queryType": "search"
  },
  "isAutoSave": true
}