{
  "id": "3f78f126-4f7c-4fce-ba4b-7e02b64ca6e5",
  "timestamp": "2025-04-18T23:17:44.718Z",
  "data": {
    "location": "22204",
    "max_price": 4000,
    "bedrooms": "2",
    "amenities": [
      "parking",
      "gym",
      "ac"
    ],
    "proximity_landmark": "22204",
    "interactionType": "hover",
    "listingId": "5466094044",
    "listingDetails": {
      "price": "$2500/mo",
      "bedrooms": 2,
      "location": "2113 S Oakland St, Arlington"
    },
    "timestamp": "2025-04-18T23:17:44.671Z",
    "results": {},
    "queryType": "search"
  },
  "isAutoSave": true
}