{
  "id": "40c454a1-ee38-4d90-b87c-0ff6b9ce2bb4",
  "timestamp": "2025-04-19T02:57:45.345Z",
  "data": {
    "location": "22209",
    "max_price": 2500,
    "bedrooms": "2",
    "amenities": [
      "parking",
      "ac",
      "gym"
    ],
    "proximity_landmark": "22209",
    "interactionType": "hover",
    "listingId": "5956392603",
    "listingDetails": {
      "price": "$2450/mo",
      "bedrooms": 1,
      "location": "1011 Arlington Blvd Apt 508, Arlington"
    },
    "timestamp": "2025-04-19T02:57:45.326Z",
    "results": {},
    "queryType": "search"
  },
  "isAutoSave": true
}