{
  "id": "424d59dc-c596-4160-8d2a-214ffd273932",
  "timestamp": "2025-04-18T22:13:30.601Z",
  "data": {
    "location": "22209",
    "max_price": 4000,
    "bedrooms": "2",
    "amenities": [
      "parking",
      "gym",
      "pets"
    ],
    "proximity_landmark": "22209",
    "interactionType": "hover",
    "listingId": "5370704604",
    "listingDetails": {
      "price": "$3500/mo",
      "bedrooms": 1,
      "location": "1200 N Nash St Apt 852, Arlington"
    },
    "timestamp": "2025-04-18T22:13:30.559Z",
    "results": {},
    "queryType": "search"
  },
  "isAutoSave": true
}