{
  "id": "42a66214-faff-46f1-bcc0-28a4d345ef67",
  "timestamp": "2025-04-18T22:22:02.210Z",
  "data": {
    "location": "22204",
    "max_price": 4000,
    "bedrooms": "2",
    "amenities": [
      "gym",
      "parking",
      "ac"
    ],
    "proximity_landmark": "22204",
    "interactionType": "hover",
    "listingId": "9428412468",
    "listingDetails": {
      "price": "$2084/mo",
      "bedrooms": 1,
      "location": "5500 Columbia Pike Apt 523, Arlington"
    },
    "timestamp": "2025-04-18T22:22:02.111Z",
    "results": {},
    "queryType": "search"
  },
  "isAutoSave": true
}