{
  "id": "4476458b-de59-426d-b5a0-561f92046921",
  "timestamp": "2025-04-18T22:30:56.143Z",
  "data": {
    "location": "22209",
    "max_price": 4000,
    "bedrooms": "2",
    "amenities": [
      "parking",
      "gym",
      "laundry"
    ],
    "proximity_landmark": "22209",
    "interactionType": "hover",
    "listingId": "9019435579",
    "listingDetails": {
      "price": "$2275/mo",
      "bedrooms": 2,
      "location": "1423 N Nash St Apt 1, Arlington"
    },
    "timestamp": "2025-04-18T22:30:56.024Z",
    "results": {},
    "queryType": "search"
  },
  "isAutoSave": true
}