{
  "id": "47855fa5-be09-43cc-bee2-43cb281e12ed",
  "timestamp": "2025-04-18T23:17:40.458Z",
  "data": {
    "location": "22204",
    "max_price": 4000,
    "bedrooms": "2",
    "amenities": [
      "parking",
      "gym",
      "ac"
    ],
    "proximity_landmark": "22204",
    "interactionType": "hover",
    "listingId": "6391406174",
    "listingDetails": {
      "price": "$3000/mo",
      "bedrooms": 2,
      "location": "5225 10th Pl S, Arlington"
    },
    "timestamp": "2025-04-18T23:17:40.413Z",
    "results": {},
    "queryType": "search"
  },
  "isAutoSave": true
}