{
  "id": "4bd4396c-4017-43e4-b97c-a3558b06ef91",
  "timestamp": "2025-04-18T22:32:18.111Z",
  "data": {
    "location": "22204",
    "max_price": 2000,
    "bedrooms": "1",
    "amenities": [
      "parking",
      "gym",
      "ac"
    ],
    "proximity_landmark": "22204",
    "interactionType": "hover",
    "listingId": "6035988285",
    "listingDetails": {
      "price": "$2000/mo",
      "bedrooms": 1,
      "location": "5353 Columbia Pike Apt 603, Arlington"
    },
    "timestamp": "2025-04-18T22:32:18.065Z",
    "results": {},
    "queryType": "search"
  },
  "isAutoSave": true
}