{
  "id": "4f8a20a2-c990-4f9f-be85-23ca58237764",
  "timestamp": "2025-04-21T01:50:29.430Z",
  "data": {
    "location": "22204",
    "max_price": 4000,
    "bedrooms": "2",
    "amenities": [
      "gym",
      "parking",
      "ac"
    ],
    "proximity_landmark": "22204",
    "interactionType": "hover",
    "listingId": "5466094044",
    "listingDetails": {
      "price": "$2500/mo",
      "bedrooms": 2,
      "location": "2113 S Oakland St, Arlington"
    },
    "timestamp": "2025-04-21T01:50:29.426Z",
    "results": {},
    "queryType": "search"
  },
  "isAutoSave": true
}