{
  "id": "501d4507-f79b-4707-8083-097ae9e063dc",
  "timestamp": "2025-04-17T21:47:21.273Z",
  "data": {
    "location": "22204",
    "max_price": 4000,
    "bedrooms": "2",
    "amenities": [
      "parking",
      "gym"
    ],
    "proximity_landmark": "22204",
    "timestamp": "2025-04-17T21:47:21.223Z",
    "results": {
      "resultCount": 10,
      "timestamp": "2025-04-17T21:47:21.223Z",
      "formattedPrice": "$2000 - $4000",
      "topMatchesCount": 6
    },
    "queryType": "search"
  },
  "isAutoSave": true
}