{
  "id": "554532d3-cf7e-4e2b-8ef2-69139b15435b",
  "timestamp": "2025-04-18T23:17:39.144Z",
  "data": {
    "location": "22204",
    "max_price": 4000,
    "bedrooms": "2",
    "amenities": [
      "parking",
      "gym",
      "ac"
    ],
    "proximity_landmark": "22204",
    "timestamp": "2025-04-18T23:17:39.023Z",
    "results": {
      "resultCount": 10,
      "timestamp": "2025-04-18T23:17:39.022Z",
      "formattedPrice": "$2000 - $4000",
      "topMatchesCount": 0
    },
    "queryType": "search"
  },
  "isAutoSave": true
}