{
  "id": "5640af55-1f05-432f-9de4-55947ad539e5",
  "timestamp": "2025-04-18T20:17:15.084Z",
  "data": {
    "location": "22204",
    "max_price": 4000,
    "bedrooms": "2",
    "amenities": [
      "parking",
      "gym"
    ],
    "proximity_landmark": "22204",
    "interactionType": "hover",
    "listingId": "6391406174",
    "listingDetails": {
      "price": "$3000/mo",
      "bedrooms": 2,
      "location": "5225 10th Pl S, Arlington"
    },
    "timestamp": "2025-04-18T20:17:15.025Z",
    "results": {},
    "queryType": "search"
  },
  "isAutoSave": true
}