{
  "id": "5c0985f8-4c59-42be-bff1-1f141f61e464",
  "timestamp": "2025-04-20T03:58:21.756Z",
  "data": {
    "location": "22204",
    "max_price": 4000,
    "bedrooms": "2",
    "amenities": [
      "parking",
      "gym",
      "pets"
    ],
    "proximity_landmark": "22204",
    "timestamp": "2025-04-20T03:58:17.768Z",
    "results": {
      "resultCount": 10,
      "timestamp": "2025-04-20T03:58:17.768Z",
      "formattedPrice": "$2000 - $4000",
      "topMatchesCount": 0
    },
    "queryType": "search"
  },
  "isAutoSave": true
}