{
  "id": "5e45aee5-63b9-4bf5-9bd9-c242c2bd9aa9",
  "timestamp": "2025-04-18T20:20:06.575Z",
  "data": {
    "location": "22206",
    "max_price": 4000,
    "bedrooms": "2",
    "amenities": [
      "gym",
      "parking",
      "pets"
    ],
    "proximity_landmark": "22206",
    "interactionType": "hover",
    "listingId": "6224905062",
    "listingDetails": {
      "price": "$1900/mo",
      "bedrooms": 2,
      "location": "6617 E Wakefield Dr Apt B2, Alexandria"
    },
    "timestamp": "2025-04-18T20:20:06.495Z",
    "results": {},
    "queryType": "search"
  },
  "isAutoSave": true
}