{
  "id": "61474ed5-b8bc-457d-9448-82065653e66c",
  "timestamp": "2025-04-17T21:54:39.555Z",
  "data": {
    "location": "22204",
    "max_price": 4000,
    "bedrooms": "2",
    "amenities": [
      "parking",
      "gym"
    ],
    "proximity_landmark": "22204",
    "interactionType": "hover",
    "listingId": "6595344640",
    "listingDetails": {
      "price": "$2800/mo",
      "bedrooms": 2,
      "location": "124 Kendrick Pl Unit 124-18, Gaithersburg"
    },
    "timestamp": "2025-04-17T21:54:39.537Z",
    "results": {},
    "queryType": "search"
  },
  "isAutoSave": true
}