{
  "id": "6167884f-8f24-4b7c-a610-197e65ad953e",
  "timestamp": "2025-04-19T00:29:59.640Z",
  "data": {
    "location": "22204",
    "max_price": 4000,
    "bedrooms": "2",
    "amenities": [
      "gym",
      "parking",
      "pets"
    ],
    "proximity_landmark": "22204",
    "interactionType": "hover",
    "listingId": "6391406174",
    "listingDetails": {
      "price": "$3000/mo",
      "bedrooms": 2,
      "location": "5225 10th Pl S, Arlington"
    },
    "timestamp": "2025-04-19T00:29:57.426Z",
    "results": {},
    "queryType": "search"
  },
  "isAutoSave": true
}