{
  "id": "6d102e19-f24f-4c17-9c68-5326507f1cf1",
  "timestamp": "2025-04-19T00:22:04.581Z",
  "data": {
    "location": "22203",
    "price": "2000-4000",
    "bedrooms": "2",
    "amenities": [
      "gym",
      "pets",
      "pool"
    ],
    "interactionType": "hover",
    "listingId": "6929813321",
    "listingDetails": {
      "price": "$4000/mo",
      "bedrooms": 2,
      "location": "1451 Belmont St NW Apt 113, Washington"
    },
    "timestamp": "2025-04-19T00:22:04.506Z",
    "results": {},
    "queryType": "search"
  },
  "isAutoSave": true
}