{
  "id": "739ee32f-6559-41be-bfbe-76615da97b84",
  "timestamp": "2025-04-18T20:20:26.872Z",
  "data": {
    "location": "22206",
    "max_price": 4000,
    "bedrooms": "2",
    "amenities": [
      "gym",
      "parking",
      "pets"
    ],
    "proximity_landmark": "22206",
    "interactionType": "hover",
    "listingId": "6391406174",
    "listingDetails": {
      "price": "$3000/mo",
      "bedrooms": 2,
      "location": "5225 10th Pl S, Arlington"
    },
    "timestamp": "2025-04-18T20:20:26.756Z",
    "results": {},
    "queryType": "search"
  },
  "isAutoSave": true
}