{
  "id": "75a5839c-c7af-42a7-b82d-d841e1d0d6f6",
  "timestamp": "2025-04-19T00:13:39.929Z",
  "data": {
    "location": "22204",
    "max_price": 4000,
    "bedrooms": "2",
    "amenities": [
      "parking",
      "gym",
      "pets"
    ],
    "proximity_landmark": "22204",
    "interactionType": "hover",
    "listingId": "6231764623",
    "listingDetails": {
      "price": "$2150/mo",
      "bedrooms": 2,
      "location": "800 S Arlington Mill Dr Apt 204, Arlington"
    },
    "timestamp": "2025-04-19T00:13:39.882Z",
    "results": {},
    "queryType": "search"
  },
  "isAutoSave": true
}