{
  "id": "794c75d9-2a99-42d4-a8b0-8e4ae06b9c0d",
  "timestamp": "2025-04-19T00:13:21.377Z",
  "data": {
    "location": "22204",
    "max_price": 4000,
    "bedrooms": "2",
    "amenities": [
      "parking",
      "gym",
      "pets"
    ],
    "proximity_landmark": "22204",
    "timestamp": "2025-04-19T00:03:29.609Z",
    "results": {
      "resultCount": 10,
      "timestamp": "2025-04-19T00:03:29.609Z",
      "formattedPrice": "$2000 - $4000",
      "topMatchesCount": 0
    },
    "queryType": "search",
    "minPrice": 1000,
    "maxPrice": 3000,
    "customAmenities": []
  },
  "isAutoSave": true
}