{
  "id": "7a0ab6f5-f8ac-4aef-911a-22ecb8de8012",
  "timestamp": "2025-04-18T23:30:55.328Z",
  "data": {
    "location": "22209",
    "max_price": 3500,
    "bedrooms": "2",
    "amenities": [
      "gym",
      "parking",
      "pets"
    ],
    "proximity_landmark": "22209",
    "interactionType": "hover",
    "listingId": "5755290353",
    "listingDetails": {
      "price": "$2000/mo",
      "bedrooms": 0,
      "location": "1111 Arlington Blvd Apt 822, Arlington"
    },
    "timestamp": "2025-04-18T23:30:55.292Z",
    "results": {},
    "queryType": "search"
  },
  "isAutoSave": true
}