{
  "id": "7b756aaa-d459-4b71-ac40-266e0214307a",
  "timestamp": "2025-04-18T20:21:05.565Z",
  "data": {
    "location": "22209",
    "max_price": 4000,
    "bedrooms": "1",
    "amenities": [
      "gym"
    ],
    "proximity_landmark": "22209",
    "interactionType": "hover",
    "listingId": "6680459716",
    "listingDetails": {
      "price": "$2300/mo",
      "bedrooms": 1,
      "location": "1011 Arlington Blvd Apt 736, Arlington"
    },
    "timestamp": "2025-04-18T20:21:05.553Z",
    "results": {},
    "queryType": "search"
  },
  "isAutoSave": true
}