{
  "id": "7fb88854-b002-46df-b311-d58d1f97fb99",
  "timestamp": "2025-04-18T23:48:55.392Z",
  "data": {
    "location": "22204",
    "max_price": 4000,
    "bedrooms": "2",
    "amenities": [
      "gym",
      "laundry",
      "pets"
    ],
    "proximity_landmark": "22204",
    "timestamp": "2025-04-18T23:48:55.337Z",
    "results": {
      "resultCount": 10,
      "timestamp": "2025-04-18T23:48:55.337Z",
      "formattedPrice": "$2000 - $4000",
      "topMatchesCount": 0
    },
    "queryType": "search"
  },
  "isAutoSave": true
}