{
  "id": "80da5b29-1c15-499c-8307-966ebc4e56ba",
  "timestamp": "2025-04-19T02:57:45.849Z",
  "data": {
    "location": "22209",
    "max_price": 2500,
    "bedrooms": "2",
    "amenities": [
      "parking",
      "ac",
      "gym"
    ],
    "proximity_landmark": "22209",
    "interactionType": "hover",
    "listingId": "5649753204",
    "listingDetails": {
      "price": "$2500/mo",
      "bedrooms": 1,
      "location": "1121 Arlington Blvd Apt 243, Arlington"
    },
    "timestamp": "2025-04-19T02:57:45.829Z",
    "results": {},
    "queryType": "search"
  },
  "isAutoSave": true
}