{
  "id": "813f353e-6835-4656-b8be-6d7158daa753",
  "timestamp": "2025-04-18T22:30:55.179Z",
  "data": {
    "location": "22209",
    "max_price": 4000,
    "bedrooms": "2",
    "amenities": [
      "parking",
      "gym",
      "laundry"
    ],
    "proximity_landmark": "22209",
    "interactionType": "hover",
    "listingId": "6680459716",
    "listingDetails": {
      "price": "$2300/mo",
      "bedrooms": 1,
      "location": "1011 Arlington Blvd Apt 736, Arlington"
    },
    "timestamp": "2025-04-18T22:30:55.165Z",
    "results": {},
    "queryType": "search"
  },
  "isAutoSave": true
}