{
  "id": "83047913-a575-47aa-bcad-0f204d005536",
  "timestamp": "2025-04-17T21:49:00.555Z",
  "data": {
    "location": "22204",
    "max_price": 4000,
    "bedrooms": "2",
    "amenities": [
      "parking",
      "gym"
    ],
    "proximity_landmark": "22204",
    "interactionType": "hover",
    "listingId": "9581762202",
    "listingDetails": {
      "price": "$2700/mo",
      "bedrooms": 2,
      "location": "2614-E S Arlington Ml Unit 5, Arlington"
    },
    "timestamp": "2025-04-17T21:49:00.542Z",
    "results": {},
    "queryType": "search"
  },
  "isAutoSave": true
}