{
  "id": "87b0ce94-7e70-4616-bfc6-c573668cab09",
  "timestamp": "2025-04-18T20:56:39.449Z",
  "data": {
    "location": "22209",
    "max_price": 4000,
    "bedrooms": "2",
    "amenities": [
      "gym",
      "parking",
      "pets"
    ],
    "proximity_landmark": "22209",
    "interactionType": "hover",
    "listingId": "6391406174",
    "listingDetails": {
      "price": "$3000/mo",
      "bedrooms": 2,
      "location": "5225 10th Pl S, Arlington"
    },
    "timestamp": "2025-04-18T20:56:39.383Z",
    "results": {},
    "queryType": "search"
  },
  "isAutoSave": true
}