{
  "id": "87c3662b-3862-45c2-b882-26755ca2cd65",
  "timestamp": "2025-04-19T03:01:42.535Z",
  "data": {
    "location": "22209",
    "max_price": 2500,
    "bedrooms": "2",
    "amenities": [
      "parking",
      "ac",
      "gym"
    ],
    "proximity_landmark": "22209",
    "interactionType": "hover",
    "listingId": "5406346436",
    "listingDetails": {
      "price": "$1900/mo",
      "bedrooms": 0,
      "location": "1021 Arlington Blvd Apt 335, Arlington"
    },
    "timestamp": "2025-04-19T03:01:42.465Z",
    "results": {},
    "queryType": "search"
  },
  "isAutoSave": true
}