{
  "id": "8af9cc3f-4943-46ec-8017-ac28ded25350",
  "timestamp": "2025-04-18T23:17:49.105Z",
  "data": {
    "location": "22204",
    "max_price": 4000,
    "bedrooms": "2",
    "amenities": [
      "parking",
      "gym",
      "ac"
    ],
    "proximity_landmark": "22204",
    "interactionType": "hover",
    "listingId": "5599978133",
    "listingDetails": {
      "price": "$3990/mo",
      "bedrooms": 2,
      "location": "801 S Greenbrier St Apt 113, Arlington"
    },
    "timestamp": "2025-04-18T23:17:49.063Z",
    "results": {},
    "queryType": "search"
  },
  "isAutoSave": true
}