{
  "id": "8cd8a808-9ce7-48b9-b516-8c9e166a2c36",
  "timestamp": "2025-04-18T21:22:58.242Z",
  "data": {
    "location": "22209",
    "max_price": 4000,
    "bedrooms": "2",
    "amenities": [
      "gym",
      "parking",
      "pets"
    ],
    "proximity_landmark": "22209",
    "interactionType": "hover",
    "listingId": "9581762202",
    "listingDetails": {
      "price": "$2700/mo",
      "bedrooms": 2,
      "location": "2614-E S Arlington Ml Unit 5, Arlington"
    },
    "timestamp": "2025-04-18T20:56:57.598Z",
    "results": {},
    "queryType": "search",
    "minPrice": 2000,
    "maxPrice": 4000,
    "customAmenities": []
  },
  "isAutoSave": true
}