{
  "id": "8e3cb3ee-31e7-4387-bac4-b8f466da434d",
  "timestamp": "2025-04-18T23:39:43.548Z",
  "data": {
    "location": "22204",
    "max_price": 4000,
    "bedrooms": "2",
    "amenities": [
      "parking",
      "gym",
      "pets"
    ],
    "proximity_landmark": "22204",
    "interactionType": "hover",
    "listingId": "6154572030",
    "listingDetails": {
      "price": "$1680/mo",
      "bedrooms": 1,
      "location": "5111 8th Rd S Apt 2, Arlington"
    },
    "timestamp": "2025-04-18T23:39:43.525Z",
    "results": {},
    "queryType": "search"
  },
  "isAutoSave": true
}