{
  "id": "8f87b8ac-bdf0-4075-8fc2-b684a9590110",
  "timestamp": "2025-04-21T01:50:25.343Z",
  "data": {
    "location": "22204",
    "max_price": 4000,
    "bedrooms": "2",
    "amenities": [
      "gym",
      "parking",
      "ac"
    ],
    "proximity_landmark": "22204",
    "interactionType": "hover",
    "listingId": "6231764623",
    "listingDetails": {
      "price": "$2150/mo",
      "bedrooms": 2,
      "location": "800 S Arlington Mill Dr Apt 204, Arlington"
    },
    "timestamp": "2025-04-21T01:50:25.326Z",
    "results": {},
    "queryType": "search"
  },
  "isAutoSave": true
}