{
  "id": "9106a7b8-2f96-4b58-9871-b03322a2b4bb",
  "timestamp": "2025-04-18T22:32:36.996Z",
  "data": {
    "location": "22204",
    "max_price": 2000,
    "bedrooms": "1",
    "amenities": [
      "parking",
      "gym",
      "ac"
    ],
    "proximity_landmark": "22204",
    "interactionType": "hover",
    "listingId": "6154572030",
    "listingDetails": {
      "price": "$1680/mo",
      "bedrooms": 1,
      "location": "5111 8th Rd S Apt 2, Arlington"
    },
    "timestamp": "2025-04-18T22:32:36.932Z",
    "results": {},
    "queryType": "search"
  },
  "isAutoSave": true
}