{
  "id": "910df131-3925-4a8a-a6f2-3eb6013e2aba",
  "timestamp": "2025-04-17T21:45:10.238Z",
  "data": {
    "location": "22204",
    "max_price": 4000,
    "bedrooms": "2",
    "amenities": [
      "parking",
      "gym"
    ],
    "proximity_landmark": "22204",
    "timestamp": "2025-04-17T21:45:10.173Z",
    "results": {
      "resultCount": 0,
      "timestamp": "2025-04-17T21:45:10.173Z",
      "formattedPrice": "$2000 - $4000",
      "topMatchesCount": 0
    },
    "queryType": "search"
  },
  "isAutoSave": true
}