{
  "id": "93b48bad-57ad-48ac-9acd-458a5fc1df14",
  "timestamp": "2025-04-18T22:31:42.601Z",
  "data": {
    "location": "22209",
    "max_price": 4000,
    "bedrooms": "2",
    "amenities": [
      "parking",
      "gym",
      "laundry"
    ],
    "proximity_landmark": "22209",
    "interactionType": "hover",
    "listingId": "6672671134",
    "listingDetails": {
      "price": "$2600/mo",
      "bedrooms": 2,
      "location": "1011 Arlington Blvd Apt 730, Arlington"
    },
    "timestamp": "2025-04-18T22:31:42.533Z",
    "results": {},
    "queryType": "search"
  },
  "isAutoSave": true
}