{
  "id": "9522809c-c538-432f-9e1c-89aaef2217dd",
  "timestamp": "2025-04-19T00:20:17.969Z",
  "data": {
    "location": "22204",
    "price": "2000-4000",
    "bedrooms": "2",
    "amenities": [
      "parking",
      "gym",
      "pets"
    ],
    "interactionType": "hover",
    "listingId": "6929813321",
    "listingDetails": {
      "price": "$4000/mo",
      "bedrooms": 2,
      "location": "1451 Belmont St NW Apt 113, Washington"
    },
    "timestamp": "2025-04-19T00:20:16.112Z",
    "results": {},
    "queryType": "search"
  },
  "isAutoSave": true
}