{
  "id": "967dc967-cc16-438e-a6f3-c692f54f2a07",
  "timestamp": "2025-04-18T23:30:52.219Z",
  "data": {
    "location": "22209",
    "max_price": 3500,
    "bedrooms": "2",
    "amenities": [
      "gym",
      "parking",
      "pets"
    ],
    "proximity_landmark": "22209",
    "timestamp": "2025-04-18T23:30:52.203Z",
    "results": {
      "resultCount": 10,
      "timestamp": "2025-04-18T23:30:52.203Z",
      "formattedPrice": "$2000 - $3500",
      "topMatchesCount": 0
    },
    "queryType": "search"
  },
  "isAutoSave": true
}