{
  "id": "96f3850a-4221-442f-8a64-9650f0e759c1",
  "timestamp": "2025-04-18T23:39:41.063Z",
  "data": {
    "location": "22204",
    "max_price": 4000,
    "bedrooms": "2",
    "amenities": [
      "parking",
      "gym",
      "pets"
    ],
    "proximity_landmark": "22204",
    "interactionType": "hover",
    "listingId": "6391406174",
    "listingDetails": {
      "price": "$3000/mo",
      "bedrooms": 2,
      "location": "5225 10th Pl S, Arlington"
    },
    "timestamp": "2025-04-18T23:39:40.846Z",
    "results": {},
    "queryType": "search"
  },
  "isAutoSave": true
}