{
  "id": "97bfc85c-71e5-4728-8adc-725f387cce03",
  "timestamp": "2025-04-18T22:32:16.902Z",
  "data": {
    "location": "22204",
    "max_price": 2000,
    "bedrooms": "1",
    "amenities": [
      "parking",
      "gym",
      "ac"
    ],
    "proximity_landmark": "22204",
    "interactionType": "hover",
    "listingId": "5165322518",
    "listingDetails": {
      "price": "$1800/mo",
      "bedrooms": 2,
      "location": "5565 Columbia Pike Apt 805, Arlington"
    },
    "timestamp": "2025-04-18T22:32:16.845Z",
    "results": {},
    "queryType": "search"
  },
  "isAutoSave": true
}