{
  "id": "97e994ee-c96f-4bac-8b6e-a7c4ae0735cc",
  "timestamp": "2025-04-18T20:56:57.613Z",
  "data": {
    "location": "22209",
    "max_price": 4000,
    "bedrooms": "2",
    "amenities": [
      "gym",
      "parking",
      "pets"
    ],
    "proximity_landmark": "22209",
    "interactionType": "hover",
    "listingId": "9581762202",
    "listingDetails": {
      "price": "$2700/mo",
      "bedrooms": 2,
      "location": "2614-E S Arlington Ml Unit 5, Arlington"
    },
    "timestamp": "2025-04-18T20:56:57.598Z",
    "results": {},
    "queryType": "search"
  },
  "isAutoSave": true
}