{
  "id": "986e8d91-fbc0-4b55-99af-b1ffc71f20fb",
  "timestamp": "2025-04-19T00:03:05.536Z",
  "data": {
    "location": "22204",
    "max_price": 4000,
    "bedrooms": "2",
    "amenities": [
      "gym",
      "laundry",
      "pets"
    ],
    "proximity_landmark": "22204",
    "interactionType": "hover",
    "listingId": "9182101079",
    "listingDetails": {
      "price": "$2200/mo",
      "bedrooms": 2,
      "location": "2416 Arlington Blvd Unit B, Arlington"
    },
    "timestamp": "2025-04-19T00:03:04.854Z",
    "results": {},
    "queryType": "search"
  },
  "isAutoSave": true
}