{
  "id": "9aeb1dff-eb95-4583-99e9-c147876c90fd",
  "timestamp": "2025-04-18T23:17:42.919Z",
  "data": {
    "location": "22204",
    "max_price": 4000,
    "bedrooms": "2",
    "amenities": [
      "parking",
      "gym",
      "ac"
    ],
    "proximity_landmark": "22204",
    "interactionType": "hover",
    "listingId": "9182101079",
    "listingDetails": {
      "price": "$2200/mo",
      "bedrooms": 2,
      "location": "2416 Arlington Blvd Unit B, Arlington"
    },
    "timestamp": "2025-04-18T23:17:42.848Z",
    "results": {},
    "queryType": "search"
  },
  "isAutoSave": true
}