{
  "id": "9b7cf873-cde6-4c1b-badb-665ac0ac7811",
  "timestamp": "2025-04-18T20:17:08.336Z",
  "data": {
    "location": "22204",
    "max_price": 4000,
    "bedrooms": "2",
    "amenities": [
      "parking",
      "gym"
    ],
    "proximity_landmark": "22204",
    "timestamp": "2025-04-18T20:17:08.271Z",
    "results": {
      "resultCount": 3,
      "timestamp": "2025-04-18T20:17:08.271Z",
      "formattedPrice": "$2000 - $4000",
      "topMatchesCount": 2
    },
    "queryType": "search"
  },
  "isAutoSave": true
}