{
  "id": "9db0a1ea-9d53-45b1-bd20-dc4ad7d898e8",
  "timestamp": "2025-04-17T21:47:21.592Z",
  "data": {
    "location": "22204",
    "max_price": 4000,
    "bedrooms": "2",
    "amenities": [
      "parking",
      "gym"
    ],
    "proximity_landmark": "22204",
    "timestamp": "2025-04-17T21:47:21.548Z",
    "results": {
      "resultCount": 10,
      "timestamp": "2025-04-17T21:47:21.548Z",
      "formattedPrice": "$2000 - $4000",
      "topMatchesCount": 6
    },
    "queryType": "search"
  },
  "isAutoSave": true
}