{
  "id": "9e457fde-8fbc-4669-9c13-14dfc0dcb100",
  "timestamp": "2025-04-18T22:13:08.499Z",
  "data": {
    "location": "22209",
    "max_price": 4000,
    "bedrooms": "2",
    "amenities": [
      "parking",
      "gym",
      "pets"
    ],
    "proximity_landmark": "22209",
    "timestamp": "2025-04-18T22:13:08.468Z",
    "results": {
      "resultCount": 10,
      "timestamp": "2025-04-18T22:13:08.468Z",
      "formattedPrice": "$2000 - $4000",
      "topMatchesCount": 0
    },
    "queryType": "search"
  },
  "isAutoSave": true
}