{
  "id": "a0dc1727-d8fd-41b6-9f07-a266e5298660",
  "timestamp": "2025-04-19T16:59:12.019Z",
  "data": {
    "location": "22204",
    "max_price": 4000,
    "bedrooms": "2",
    "amenities": [
      "parking",
      "gym",
      "pets"
    ],
    "proximity_landmark": "22204",
    "timestamp": "2025-04-19T16:59:11.992Z",
    "results": {
      "resultCount": 10,
      "timestamp": "2025-04-19T16:59:11.992Z",
      "formattedPrice": "$2000 - $4000",
      "topMatchesCount": 0
    },
    "queryType": "search"
  },
  "isAutoSave": true
}