{
  "id": "a1287dc5-8ab8-4722-9246-2c383022b644",
  "timestamp": "2025-04-17T21:54:37.361Z",
  "data": {
    "location": "22204",
    "max_price": 4000,
    "bedrooms": "2",
    "amenities": [
      "parking",
      "gym"
    ],
    "proximity_landmark": "22204",
    "timestamp": "2025-04-17T21:54:37.343Z",
    "results": {
      "resultCount": 10,
      "timestamp": "2025-04-17T21:54:37.343Z",
      "formattedPrice": "$2000 - $4000",
      "topMatchesCount": 6
    },
    "queryType": "search"
  },
  "isAutoSave": true
}