{
  "id": "a14c14bf-d14f-423a-9a9f-e72add45724d",
  "timestamp": "2025-04-17T21:49:01.193Z",
  "data": {
    "location": "22204",
    "max_price": 4000,
    "bedrooms": "2",
    "amenities": [
      "parking",
      "gym"
    ],
    "proximity_landmark": "22204",
    "interactionType": "hover",
    "listingId": "6730648350",
    "listingDetails": {
      "price": "$2600/mo",
      "bedrooms": 2,
      "location": "2301 25th St S Unit 4-404, Arlington"
    },
    "timestamp": "2025-04-17T21:49:01.140Z",
    "results": {},
    "queryType": "search"
  },
  "isAutoSave": true
}