{
  "id": "a311b699-e41a-4cc0-b658-ec236c837992",
  "timestamp": "2025-04-19T00:28:47.129Z",
  "data": {
    "location": "22204",
    "price": "2000-4000",
    "bedrooms": "2",
    "amenities": [
      "gym",
      "parking",
      "pets"
    ],
    "interactionType": "hover",
    "listingId": "6929813321",
    "listingDetails": {
      "price": "$4000/mo",
      "bedrooms": 2,
      "location": "1451 Belmont St NW Apt 113, Washington"
    },
    "timestamp": "2025-04-19T00:28:40.794Z",
    "results": {},
    "queryType": "search"
  },
  "isAutoSave": true
}