{
  "id": "a60de506-e617-446c-ab83-42f34220503f",
  "timestamp": "2025-04-19T00:13:33.227Z",
  "data": {
    "location": "22204",
    "max_price": 4000,
    "bedrooms": "2",
    "amenities": [
      "parking",
      "gym",
      "pets"
    ],
    "proximity_landmark": "22204",
    "timestamp": "2025-04-19T00:13:33.201Z",
    "results": {
      "resultCount": 10,
      "timestamp": "2025-04-19T00:13:33.201Z",
      "formattedPrice": "$2000 - $4000",
      "topMatchesCount": 0
    },
    "queryType": "search"
  },
  "isAutoSave": true
}