{
  "id": "a71fc997-9ea1-46bf-8b9d-12b55a5434f5",
  "timestamp": "2025-04-19T16:49:14.293Z",
  "data": {
    "location": "22204",
    "max_price": 4000,
    "bedrooms": "2",
    "amenities": [
      "parking",
      "gym",
      "pets"
    ],
    "proximity_landmark": "22204",
    "interactionType": "hover",
    "listingId": "9428412468",
    "listingDetails": {
      "price": "$2084/mo",
      "bedrooms": 1,
      "location": "5500 Columbia Pike Apt 523, Arlington"
    },
    "timestamp": "2025-04-19T16:49:14.249Z",
    "results": {},
    "queryType": "search"
  },
  "isAutoSave": true
}