{
  "id": "a957c863-1698-4330-8816-324cf7ab5739",
  "timestamp": "2025-04-18T22:31:16.876Z",
  "data": {
    "location": "22209",
    "max_price": 4000,
    "bedrooms": "2",
    "amenities": [
      "parking",
      "gym",
      "laundry"
    ],
    "proximity_landmark": "22209",
    "interactionType": "hover",
    "listingId": "5755290353",
    "listingDetails": {
      "price": "$2000/mo",
      "bedrooms": 0,
      "location": "1111 Arlington Blvd Apt 822, Arlington"
    },
    "timestamp": "2025-04-18T22:31:16.784Z",
    "results": {},
    "queryType": "search"
  },
  "isAutoSave": true
}