{
  "id": "a9ef68e0-bc46-43d0-a48f-0f41927b5986",
  "timestamp": "2025-04-19T00:25:30.826Z",
  "data": {
    "location": "22204",
    "max_price": 4000,
    "bedrooms": "2",
    "amenities": [
      "gym",
      "parking",
      "pets"
    ],
    "proximity_landmark": "22204",
    "interactionType": "hover",
    "listingId": "6035988285",
    "listingDetails": {
      "price": "$2000/mo",
      "bedrooms": 1,
      "location": "5353 Columbia Pike Apt 603, Arlington"
    },
    "timestamp": "2025-04-19T00:25:30.765Z",
    "results": {},
    "queryType": "search"
  },
  "isAutoSave": true
}