{
  "id": "ac17c01c-4936-4f18-b418-fef087a95475",
  "timestamp": "2025-04-20T03:59:35.249Z",
  "data": {
    "location": "22204",
    "max_price": 4000,
    "bedrooms": "2",
    "amenities": [
      "parking",
      "gym",
      "pets"
    ],
    "proximity_landmark": "22204",
    "interactionType": "hover",
    "listingId": "6391406174",
    "listingDetails": {
      "price": "$3000/mo",
      "bedrooms": 2,
      "location": "5225 10th Pl S, Arlington"
    },
    "timestamp": "2025-04-20T03:59:02.417Z",
    "results": {},
    "queryType": "search"
  },
  "isAutoSave": true
}