{
  "id": "ad9a6f99-6720-4a77-9108-ae51e709065c",
  "timestamp": "2025-04-18T20:21:05.616Z",
  "data": {
    "location": "22209",
    "max_price": 4000,
    "bedrooms": "1",
    "amenities": [
      "gym"
    ],
    "proximity_landmark": "22209",
    "timestamp": "2025-04-18T20:21:05.593Z",
    "results": {
      "resultCount": 3,
      "timestamp": "2025-04-18T20:21:05.593Z",
      "formattedPrice": "$2000 - $4000",
      "topMatchesCount": 2
    },
    "queryType": "search"
  },
  "isAutoSave": true
}