{
  "id": "add67d92-3754-4117-8b43-30c835cd59fa",
  "timestamp": "2025-04-17T21:47:56.671Z",
  "data": {
    "location": "22204",
    "max_price": 4000,
    "bedrooms": "2",
    "amenities": [
      "parking",
      "gym"
    ],
    "proximity_landmark": "22204",
    "interactionType": "hover",
    "listingId": "6730648350",
    "listingDetails": {
      "price": "$2600/mo",
      "bedrooms": 2,
      "location": "2301 25th St S Unit 4-404, Arlington"
    },
    "timestamp": "2025-04-17T21:47:56.641Z",
    "results": {},
    "queryType": "search"
  },
  "isAutoSave": true
}