{
  "id": "af081754-4bf2-43a2-a89d-07cad565b33a",
  "timestamp": "2025-04-17T21:47:55.921Z",
  "data": {
    "location": "22204",
    "max_price": 4000,
    "bedrooms": "2",
    "amenities": [
      "parking",
      "gym"
    ],
    "proximity_landmark": "22204",
    "interactionType": "hover",
    "listingId": "9581762202",
    "listingDetails": {
      "price": "$2700/mo",
      "bedrooms": 2,
      "location": "2614-E S Arlington Ml Unit 5, Arlington"
    },
    "timestamp": "2025-04-17T21:47:55.881Z",
    "results": {},
    "queryType": "search"
  },
  "isAutoSave": true
}