{
  "id": "b0171b97-41e4-43b1-a9af-2c06e81f95a8",
  "timestamp": "2025-04-13T22:24:10.154Z",
  "data": {
    "location": "22209",
    "price": "4000-6000",
    "bedrooms": "2",
    "amenities": [
      "wifi"
    ],
    "timestamp": "2025-04-13T01:25:49.591Z",
    "results": {
      "resultCount": 1,
      "timestamp": "2025-04-13T01:25:49.591Z",
      "formattedPrice": "$4000 - $6000",
      "topMatchesCount": 0
    },
    "queryType": "search",
    "minPrice": 4000,
    "maxPrice": 6000,
    "customAmenities": [
      "Swimming Pool"
    ]
  },
  "isAutoSave": true
}