{
  "id": "b198d221-0812-4007-96cd-18742f91f69e",
  "timestamp": "2025-04-18T22:22:02.218Z",
  "data": {
    "location": "22204",
    "max_price": 4000,
    "bedrooms": "2",
    "amenities": [
      "gym",
      "parking",
      "ac"
    ],
    "proximity_landmark": "22204",
    "interactionType": "hover",
    "listingId": "6035988285",
    "listingDetails": {
      "price": "$2000/mo",
      "bedrooms": 1,
      "location": "5353 Columbia Pike Apt 603, Arlington"
    },
    "timestamp": "2025-04-18T22:22:02.128Z",
    "results": {},
    "queryType": "search"
  },
  "isAutoSave": true
}