{
  "id": "b721b74b-f720-488f-b5d3-bd3eca2ba11c",
  "timestamp": "2025-04-18T22:31:13.909Z",
  "data": {
    "location": "22209",
    "max_price": 4000,
    "bedrooms": "2",
    "amenities": [
      "parking",
      "gym",
      "laundry"
    ],
    "proximity_landmark": "22209",
    "interactionType": "hover",
    "listingId": "5370704604",
    "listingDetails": {
      "price": "$3500/mo",
      "bedrooms": 1,
      "location": "1200 N Nash St Apt 852, Arlington"
    },
    "timestamp": "2025-04-18T22:31:13.834Z",
    "results": {},
    "queryType": "search"
  },
  "isAutoSave": true
}