{
  "id": "b8e74514-b081-433a-8f45-0ac0f8ba4cf6",
  "timestamp": "2025-04-17T21:54:38.854Z",
  "data": {
    "location": "22204",
    "max_price": 4000,
    "bedrooms": "2",
    "amenities": [
      "parking",
      "gym"
    ],
    "proximity_landmark": "22204",
    "interactionType": "hover",
    "listingId": "6391406174",
    "listingDetails": {
      "price": "$3000/mo",
      "bedrooms": 2,
      "location": "5225 10th Pl S, Arlington"
    },
    "timestamp": "2025-04-17T21:54:38.801Z",
    "results": {},
    "queryType": "search"
  },
  "isAutoSave": true
}