{
  "id": "bc1a3ad1-36e7-4ba4-b094-c76d21f3b4a9",
  "timestamp": "2025-04-18T23:30:54.949Z",
  "data": {
    "location": "22209",
    "max_price": 3500,
    "bedrooms": "2",
    "amenities": [
      "gym",
      "parking",
      "pets"
    ],
    "proximity_landmark": "22209",
    "interactionType": "hover",
    "listingId": "6967823696",
    "listingDetails": {
      "price": "$2200/mo",
      "bedrooms": 2,
      "location": "2104 N Scott St Apt 29, Arlington"
    },
    "timestamp": "2025-04-18T23:30:54.893Z",
    "results": {},
    "queryType": "search"
  },
  "isAutoSave": true
}