{
  "id": "bc7f360a-68b9-466d-884d-375530aff408",
  "timestamp": "2025-04-18T20:16:47.372Z",
  "data": {
    "location": "22204",
    "max_price": 4000,
    "bedrooms": "2",
    "amenities": [
      "parking",
      "gym"
    ],
    "proximity_landmark": "22204",
    "interactionType": "hover",
    "listingId": "6595344640",
    "listingDetails": {
      "price": "$2800/mo",
      "bedrooms": 2,
      "location": "124 Kendrick Pl Unit 124-18, Gaithersburg"
    },
    "timestamp": "2025-04-18T03:24:45.118Z",
    "results": {},
    "queryType": "search",
    "minPrice": 1000,
    "maxPrice": 3000,
    "customAmenities": []
  },
  "isAutoSave": true
}