{
  "id": "bca56d4a-d89a-46e6-9555-93f40880efdf",
  "timestamp": "2025-04-17T21:44:57.317Z",
  "data": {
    "location": "22204",
    "max_price": 4000,
    "bedrooms": "2",
    "amenities": [
      "parking",
      "gym"
    ],
    "proximity_landmark": "22204",
    "timestamp": "2025-04-17T21:41:41.015Z",
    "results": {
      "resultCount": 0,
      "timestamp": "2025-04-17T21:41:41.015Z",
      "formattedPrice": "$2000 - $4000",
      "topMatchesCount": 0
    },
    "queryType": "search",
    "minPrice": 2000,
    "maxPrice": 4000,
    "customAmenities": []
  },
  "isAutoSave": true
}