{
  "id": "bd835920-0e0e-4154-88bb-f82b3b8c8bb7",
  "timestamp": "2025-04-19T02:58:34.315Z",
  "data": {
    "location": "22209",
    "max_price": 2500,
    "bedrooms": "2",
    "amenities": [
      "parking",
      "ac",
      "gym"
    ],
    "proximity_landmark": "22209",
    "interactionType": "hover",
    "listingId": "5755290353",
    "listingDetails": {
      "price": "$2000/mo",
      "bedrooms": 0,
      "location": "1111 Arlington Blvd Apt 822, Arlington"
    },
    "timestamp": "2025-04-19T02:58:34.279Z",
    "results": {},
    "queryType": "search"
  },
  "isAutoSave": true
}