{
  "id": "bfc3916e-06b5-4e4a-9ca9-24940e39e588",
  "timestamp": "2025-04-17T21:54:45.418Z",
  "data": {
    "location": "22204",
    "max_price": 4000,
    "bedrooms": "2",
    "amenities": [
      "parking",
      "gym"
    ],
    "proximity_landmark": "22204",
    "interactionType": "hover",
    "listingId": "9581762202",
    "listingDetails": {
      "price": "$2700/mo",
      "bedrooms": 2,
      "location": "2614-E S Arlington Ml Unit 5, Arlington"
    },
    "timestamp": "2025-04-17T21:54:45.370Z",
    "results": {},
    "queryType": "search"
  },
  "isAutoSave": true
}