{
  "id": "c02d324f-5032-4e81-bb7a-6d40bbed8d99",
  "timestamp": "2025-04-19T00:28:47.124Z",
  "data": {
    "location": "22204",
    "price": "2000-4000",
    "bedrooms": "2",
    "amenities": [
      "gym",
      "parking",
      "pets"
    ],
    "timestamp": "2025-04-19T00:28:38.629Z",
    "results": {
      "resultCount": 1,
      "timestamp": "2025-04-19T00:28:38.629Z",
      "formattedPrice": "$2000 - $4000",
      "topMatchesCount": 0
    },
    "queryType": "search"
  },
  "isAutoSave": true
}