{
  "id": "c389d788-e2dd-498b-a8ee-baa82b04d490",
  "timestamp": "2025-04-19T00:01:07.307Z",
  "data": {
    "location": "22204",
    "max_price": 4000,
    "bedrooms": "2",
    "amenities": [
      "gym",
      "laundry",
      "pets"
    ],
    "proximity_landmark": "22204",
    "timestamp": "2025-04-19T00:01:04.798Z",
    "results": {
      "resultCount": 10,
      "timestamp": "2025-04-19T00:01:04.797Z",
      "formattedPrice": "$2000 - $4000",
      "topMatchesCount": 0
    },
    "queryType": "search"
  },
  "isAutoSave": true
}