{
  "id": "c3feb37a-814b-4fd0-badb-9ecdacf2b7ee",
  "timestamp": "2025-04-18T22:38:37.497Z",
  "data": {
    "location": "22204",
    "max_price": 4000,
    "bedrooms": "2",
    "amenities": [
      "parking",
      "gym",
      "ac"
    ],
    "proximity_landmark": "22204",
    "interactionType": "hover",
    "listingId": "6231764623",
    "listingDetails": {
      "price": "$2150/mo",
      "bedrooms": 2,
      "location": "800 S Arlington Mill Dr Apt 204, Arlington"
    },
    "timestamp": "2025-04-18T22:38:37.444Z",
    "results": {},
    "queryType": "search"
  },
  "isAutoSave": true
}