{
  "id": "d0d0f567-b0c8-43f0-a780-22a8407c3a24",
  "timestamp": "2025-04-18T22:38:34.800Z",
  "data": {
    "location": "22204",
    "max_price": 4000,
    "bedrooms": "2",
    "amenities": [
      "parking",
      "gym",
      "ac"
    ],
    "proximity_landmark": "22204",
    "interactionType": "hover",
    "listingId": "6391406174",
    "listingDetails": {
      "price": "$3000/mo",
      "bedrooms": 2,
      "location": "5225 10th Pl S, Arlington"
    },
    "timestamp": "2025-04-18T22:38:34.740Z",
    "results": {},
    "queryType": "search"
  },
  "isAutoSave": true
}