{
  "id": "d393f02c-9557-4f97-b381-115838a36e23",
  "timestamp": "2025-04-18T23:30:53.332Z",
  "data": {
    "location": "22209",
    "max_price": 3500,
    "bedrooms": "2",
    "amenities": [
      "gym",
      "parking",
      "pets"
    ],
    "proximity_landmark": "22209",
    "interactionType": "hover",
    "listingId": "9019435579",
    "listingDetails": {
      "price": "$2275/mo",
      "bedrooms": 2,
      "location": "1423 N Nash St Apt 1, Arlington"
    },
    "timestamp": "2025-04-18T23:30:53.222Z",
    "results": {},
    "queryType": "search"
  },
  "isAutoSave": true
}