{
  "id": "d3e5cbf4-6f1f-4545-bec3-696c6a8750de",
  "timestamp": "2025-04-18T20:21:09.790Z",
  "data": {
    "location": "22209",
    "max_price": 4000,
    "bedrooms": "1",
    "amenities": [
      "gym"
    ],
    "proximity_landmark": "22209",
    "interactionType": "hover",
    "listingId": "6608378793",
    "listingDetails": {
      "price": "$2300/mo",
      "bedrooms": 1,
      "location": "4500 S Four Mile Run Dr Apt 1206, Arlington"
    },
    "timestamp": "2025-04-18T20:21:09.773Z",
    "results": {},
    "queryType": "search"
  },
  "isAutoSave": true
}