{
  "id": "d49d622f-c31b-4ff0-a86b-9f5ad456eebe",
  "timestamp": "2025-04-18T22:25:14.192Z",
  "data": {
    "location": "22204",
    "max_price": 4000,
    "bedrooms": "2",
    "amenities": [
      "gym",
      "parking",
      "ac"
    ],
    "proximity_landmark": "22204",
    "interactionType": "hover",
    "listingId": "9182101079",
    "listingDetails": {
      "price": "$2200/mo",
      "bedrooms": 2,
      "location": "2416 Arlington Blvd Unit B, Arlington"
    },
    "timestamp": "2025-04-18T22:25:14.126Z",
    "results": {},
    "queryType": "search"
  },
  "isAutoSave": true
}