{
  "id": "d599d7d3-335d-4ca2-afb3-223af9f630ec",
  "timestamp": "2025-04-18T23:54:43.421Z",
  "data": {
    "location": "22204",
    "max_price": 4000,
    "bedrooms": "2",
    "amenities": [
      "gym",
      "laundry",
      "pets"
    ],
    "proximity_landmark": "22204",
    "interactionType": "hover",
    "listingId": "6154572030",
    "listingDetails": {
      "price": "$1680/mo",
      "bedrooms": 1,
      "location": "5111 8th Rd S Apt 2, Arlington"
    },
    "timestamp": "2025-04-18T23:54:43.320Z",
    "results": {},
    "queryType": "search"
  },
  "isAutoSave": true
}