{
  "id": "d6a52d1f-a312-4103-9ca8-cb1c6d31a24e",
  "timestamp": "2025-04-17T21:47:12.620Z",
  "data": {
    "location": "22204",
    "max_price": 4000,
    "bedrooms": "2",
    "amenities": [
      "parking",
      "gym"
    ],
    "proximity_landmark": "22204",
    "timestamp": "2025-04-17T21:45:10.173Z",
    "results": {
      "resultCount": 0,
      "timestamp": "2025-04-17T21:45:10.173Z",
      "formattedPrice": "$2000 - $4000",
      "topMatchesCount": 0
    },
    "queryType": "search",
    "minPrice": 1000,
    "maxPrice": 3000,
    "customAmenities": []
  },
  "isAutoSave": true
}