{
  "id": "db49355e-653a-4094-87f8-dc55ca2a9d7d",
  "timestamp": "2025-04-18T21:23:14.359Z",
  "data": {
    "location": "22209",
    "max_price": 4000,
    "bedrooms": "2",
    "amenities": [
      "gym",
      "parking",
      "pets"
    ],
    "proximity_landmark": "22209",
    "interactionType": "hover",
    "listingId": "6284795862",
    "listingDetails": {
      "price": "$2000/mo",
      "bedrooms": 2,
      "location": "2906 Pomeroy Rd SE Apt 101, Washington"
    },
    "timestamp": "2025-04-18T21:23:14.323Z",
    "results": {},
    "queryType": "search"
  },
  "isAutoSave": true
}