{
  "id": "dd3a7973-23dd-40f8-a2ff-8e1fb110d70e",
  "timestamp": "2025-04-18T20:17:22.041Z",
  "data": {
    "location": "22204",
    "max_price": 4000,
    "bedrooms": "2",
    "amenities": [
      "parking",
      "gym"
    ],
    "proximity_landmark": "22204",
    "interactionType": "hover",
    "listingId": "6284795862",
    "listingDetails": {
      "price": "$2000/mo",
      "bedrooms": 2,
      "location": "2906 Pomeroy Rd SE Apt 101, Washington"
    },
    "timestamp": "2025-04-18T20:17:22.007Z",
    "results": {},
    "queryType": "search"
  },
  "isAutoSave": true
}