{
  "id": "de11d343-f8d2-4ed4-87e1-fd994779ee95",
  "timestamp": "2025-04-18T23:56:33.549Z",
  "data": {
    "location": "22204",
    "max_price": 4000,
    "bedrooms": "2",
    "amenities": [
      "gym",
      "laundry",
      "pets"
    ],
    "proximity_landmark": "22204",
    "interactionType": "hover",
    "listingId": "5165322518",
    "listingDetails": {
      "price": "$1800/mo",
      "bedrooms": 2,
      "location": "5565 Columbia Pike Apt 805, Arlington"
    },
    "timestamp": "2025-04-18T23:56:32.935Z",
    "results": {},
    "queryType": "search"
  },
  "isAutoSave": true
}