{
  "id": "e0a73147-db43-4587-bbe8-6a24ea5f661f",
  "timestamp": "2025-04-18T23:54:43.419Z",
  "data": {
    "location": "22204",
    "max_price": 4000,
    "bedrooms": "2",
    "amenities": [
      "gym",
      "laundry",
      "pets"
    ],
    "proximity_landmark": "22204",
    "interactionType": "hover",
    "listingId": "6035988285",
    "listingDetails": {
      "price": "$2000/mo",
      "bedrooms": 1,
      "location": "5353 Columbia Pike Apt 603, Arlington"
    },
    "timestamp": "2025-04-18T23:54:43.260Z",
    "results": {},
    "queryType": "search"
  },
  "isAutoSave": true
}