{
  "id": "e11b81ba-4cbe-444c-af0f-0a70154fb50f",
  "timestamp": "2025-04-18T22:38:41.533Z",
  "data": {
    "location": "22204",
    "max_price": 4000,
    "bedrooms": "2",
    "amenities": [
      "parking",
      "gym",
      "ac"
    ],
    "proximity_landmark": "22204",
    "interactionType": "hover",
    "listingId": "5466094044",
    "listingDetails": {
      "price": "$2500/mo",
      "bedrooms": 2,
      "location": "2113 S Oakland St, Arlington"
    },
    "timestamp": "2025-04-18T22:38:41.459Z",
    "results": {},
    "queryType": "search"
  },
  "isAutoSave": true
}