{
  "id": "e1b897f0-6097-4557-9557-b51ffe500927",
  "timestamp": "2025-04-18T23:20:52.007Z",
  "data": {
    "location": "22204",
    "max_price": 4000,
    "bedrooms": "2",
    "amenities": [
      "parking",
      "gym",
      "ac"
    ],
    "proximity_landmark": "22204",
    "interactionType": "hover",
    "listingId": "9148216897",
    "listingDetails": {
      "price": "$2200/mo",
      "bedrooms": 2,
      "location": "2416 Arlington Blvd Unit C, Arlington"
    },
    "timestamp": "2025-04-18T23:20:51.523Z",
    "results": {},
    "queryType": "search"
  },
  "isAutoSave": true
}