{
  "id": "ea021d3f-ff2a-4893-b305-62d3eee5c70a",
  "timestamp": "2025-04-19T00:25:19.370Z",
  "data": {
    "location": "22204",
    "max_price": 4000,
    "bedrooms": "2",
    "amenities": [
      "gym",
      "parking",
      "pets"
    ],
    "proximity_landmark": "22204",
    "timestamp": "2025-04-19T00:25:19.327Z",
    "results": {
      "resultCount": 10,
      "timestamp": "2025-04-19T00:25:19.327Z",
      "formattedPrice": "$2000 - $4000",
      "topMatchesCount": 0
    },
    "queryType": "search"
  },
  "isAutoSave": true
}