{
  "id": "ebb40957-71dc-433b-b22a-4ef9b4f92078",
  "timestamp": "2025-04-17T21:48:58.987Z",
  "data": {
    "location": "22204",
    "max_price": 4000,
    "bedrooms": "2",
    "amenities": [
      "parking",
      "gym"
    ],
    "proximity_landmark": "22204",
    "interactionType": "hover",
    "listingId": "6284795862",
    "listingDetails": {
      "price": "$2000/mo",
      "bedrooms": 2,
      "location": "2906 Pomeroy Rd SE Apt 101, Washington"
    },
    "timestamp": "2025-04-17T21:48:58.940Z",
    "results": {},
    "queryType": "search"
  },
  "isAutoSave": true
}