{
  "id": "ed3640ac-69df-4dbb-9ded-a37010ab6170",
  "timestamp": "2025-04-19T16:59:14.743Z",
  "data": {
    "location": "22204",
    "max_price": 4000,
    "bedrooms": "2",
    "amenities": [
      "parking",
      "gym",
      "pets"
    ],
    "proximity_landmark": "22204",
    "interactionType": "hover",
    "listingId": "9148216897",
    "listingDetails": {
      "price": "$2200/mo",
      "bedrooms": 2,
      "location": "2416 Arlington Blvd Unit C, Arlington"
    },
    "timestamp": "2025-04-19T16:59:14.666Z",
    "results": {},
    "queryType": "search"
  },
  "isAutoSave": true
}