{
  "id": "ed9fea18-f962-498d-89f9-c1cdf291ce29",
  "timestamp": "2025-04-18T20:20:31.979Z",
  "data": {
    "location": "22206",
    "max_price": 4000,
    "bedrooms": "2",
    "amenities": [
      "gym",
      "parking",
      "pets"
    ],
    "proximity_landmark": "22206",
    "interactionType": "hover",
    "listingId": "6284795862",
    "listingDetails": {
      "price": "$2000/mo",
      "bedrooms": 2,
      "location": "2906 Pomeroy Rd SE Apt 101, Washington"
    },
    "timestamp": "2025-04-18T20:20:31.907Z",
    "results": {},
    "queryType": "search"
  },
  "isAutoSave": true
}