{
  "id": "edd28a85-acbb-4733-a874-53a3b39beaab",
  "timestamp": "2025-04-20T03:58:21.764Z",
  "data": {
    "location": "22204",
    "max_price": 4000,
    "bedrooms": "2",
    "amenities": [
      "parking",
      "gym",
      "pets"
    ],
    "proximity_landmark": "22204",
    "timestamp": "2025-04-20T03:58:17.396Z",
    "results": {
      "resultCount": 10,
      "timestamp": "2025-04-20T03:58:17.396Z",
      "formattedPrice": "$2000 - $4000",
      "topMatchesCount": 0
    },
    "queryType": "search"
  },
  "isAutoSave": true
}