{
  "id": "ede4cc5f-d975-4f2d-a338-4860b8d62421",
  "timestamp": "2025-04-18T23:48:58.208Z",
  "data": {
    "location": "22204",
    "max_price": 4000,
    "bedrooms": "2",
    "amenities": [
      "gym",
      "laundry",
      "pets"
    ],
    "proximity_landmark": "22204",
    "interactionType": "hover",
    "listingId": "6154572030",
    "listingDetails": {
      "price": "$1680/mo",
      "bedrooms": 1,
      "location": "5111 8th Rd S Apt 2, Arlington"
    },
    "timestamp": "2025-04-18T23:48:58.186Z",
    "results": {},
    "queryType": "search"
  },
  "isAutoSave": true
}