{
  "id": "ee2546c5-5acd-46e5-9a09-711f3cbbc1f3",
  "timestamp": "2025-04-17T21:47:55.920Z",
  "data": {
    "location": "22204",
    "max_price": 4000,
    "bedrooms": "2",
    "amenities": [
      "parking",
      "gym"
    ],
    "proximity_landmark": "22204",
    "interactionType": "hover",
    "listingId": "6284795862",
    "listingDetails": {
      "price": "$2000/mo",
      "bedrooms": 2,
      "location": "2906 Pomeroy Rd SE Apt 101, Washington"
    },
    "timestamp": "2025-04-17T21:47:55.858Z",
    "results": {},
    "queryType": "search"
  },
  "isAutoSave": true
}