{
  "id": "f7ceaa54-972b-4018-8f82-f248d777c779",
  "timestamp": "2025-04-18T22:24:58.539Z",
  "data": {
    "location": "22204",
    "max_price": 4000,
    "bedrooms": "2",
    "amenities": [
      "gym",
      "parking",
      "ac"
    ],
    "proximity_landmark": "22204",
    "interactionType": "hover",
    "listingId": "6154572030",
    "listingDetails": {
      "price": "$1680/mo",
      "bedrooms": 1,
      "location": "5111 8th Rd S Apt 2, Arlington"
    },
    "timestamp": "2025-04-18T22:24:58.423Z",
    "results": {},
    "queryType": "search"
  },
  "isAutoSave": true
}