{
  "id": "fa9a822d-2750-436b-bb81-41e3239dc8ee",
  "timestamp": "2025-04-18T23:48:57.329Z",
  "data": {
    "location": "22204",
    "max_price": 4000,
    "bedrooms": "2",
    "amenities": [
      "gym",
      "laundry",
      "pets"
    ],
    "proximity_landmark": "22204",
    "interactionType": "hover",
    "listingId": "5466094044",
    "listingDetails": {
      "price": "$2500/mo",
      "bedrooms": 2,
      "location": "2113 S Oakland St, Arlington"
    },
    "timestamp": "2025-04-18T23:48:57.305Z",
    "results": {},
    "queryType": "search"
  },
  "isAutoSave": true
}