{
  "id": "fc4d73cf-13e7-4972-a256-7297e66ad1f1",
  "timestamp": "2025-04-19T00:28:47.127Z",
  "data": {
    "location": "22204",
    "price": "2000-4000",
    "bedrooms": "2",
    "amenities": [
      "gym",
      "parking",
      "pets"
    ],
    "timestamp": "2025-04-19T00:28:38.636Z",
    "results": {
      "resultCount": 1,
      "timestamp": "2025-04-19T00:28:38.636Z",
      "formattedPrice": "$2000 - $4000",
      "topMatchesCount": 0
    },
    "queryType": "search"
  },
  "isAutoSave": true
}