{
  "id": "fc66dcb4-9eeb-4b30-aa70-9adb768851f5",
  "timestamp": "2025-04-17T21:54:38.361Z",
  "data": {
    "location": "22204",
    "max_price": 4000,
    "bedrooms": "2",
    "amenities": [
      "parking",
      "gym"
    ],
    "proximity_landmark": "22204",
    "timestamp": "2025-04-17T21:54:38.338Z",
    "results": {
      "resultCount": 10,
      "timestamp": "2025-04-17T21:54:38.338Z",
      "formattedPrice": "$2000 - $4000",
      "topMatchesCount": 6
    },
    "queryType": "search"
  },
  "isAutoSave": true
}