{
  "id": "fea042f1-8980-4938-88a5-d1d83a26f8b1",
  "timestamp": "2025-04-21T01:50:28.535Z",
  "data": {
    "location": "22204",
    "max_price": 4000,
    "bedrooms": "2",
    "amenities": [
      "gym",
      "parking",
      "ac"
    ],
    "proximity_landmark": "22204",
    "interactionType": "hover",
    "listingId": "6154572030",
    "listingDetails": {
      "price": "$1680/mo",
      "bedrooms": 1,
      "location": "5111 8th Rd S Apt 2, Arlington"
    },
    "timestamp": "2025-04-21T01:50:28.526Z",
    "results": {},
    "queryType": "search"
  },
  "isAutoSave": true
}