{
  "id": "feb41d79-cde2-4fde-ab30-29c7c506f34f",
  "timestamp": "2025-04-18T23:39:43.441Z",
  "data": {
    "location": "22204",
    "max_price": 4000,
    "bedrooms": "2",
    "amenities": [
      "parking",
      "gym",
      "pets"
    ],
    "proximity_landmark": "22204",
    "interactionType": "hover",
    "listingId": "6231764623",
    "listingDetails": {
      "price": "$2150/mo",
      "bedrooms": 2,
      "location": "800 S Arlington Mill Dr Apt 204, Arlington"
    },
    "timestamp": "2025-04-18T23:39:43.396Z",
    "results": {},
    "queryType": "search"
  },
  "isAutoSave": true
}